Timestamp,Camera_Source,Track_ID,Status,Snapshot_Path
2026-06-20 16:18:25,0,1,DETECTED,logs/snapshots\fall_cam_20260620_161825_id1.jpg
2026-06-22 11:43:41,0,1,DETECTED,logs/snapshots\fall_cam_20260622_114341_id1.jpg
2026-06-22 11:43:49,0,6,DETECTED,logs/snapshots\fall_cam_20260622_114349_id6.jpg
2026-06-22 11:43:55,0,6,DETECTED,logs/snapshots\fall_cam_20260622_114355_id6.jpg
2026-06-22 11:44:40,0,6,DETECTED,logs/snapshots\fall_cam_20260622_114440_id6.jpg
2026-06-22 11:44:46,0,6,DETECTED,logs/snapshots\fall_cam_20260622_114446_id6.jpg
2026-06-22 11:45:38,0,6,DETECTED,logs/snapshots\fall_cam_20260622_114538_id6.jpg
2026-06-22 11:46:13,0,6,DETECTED,logs/snapshots\fall_cam_20260622_114613_id6.jpg
2026-06-22 11:46:46,D:/Workspace/Nam3_Ky2_Dot2/DigitalImageProcessing/SourceCode/cam2.avi,19,DETECTED,logs/snapshots\fall_cam_20260622_114646_id19.jpg
2026-06-22 11:46:47,D:/Workspace/Nam3_Ky2_Dot2/DigitalImageProcessing/SourceCode/cam2.avi,21,DETECTED,logs/snapshots\fall_cam_20260622_114647_id21.jpg
2026-06-22 11:46:59,D:/Workspace/Nam3_Ky2_Dot2/DigitalImageProcessing/SourceCode/cam2.avi,23,DETECTED,logs/snapshots\fall_cam_20260622_114659_id23.jpg
2026-06-22 11:47:00,D:/Workspace/Nam3_Ky2_Dot2/DigitalImageProcessing/SourceCode/cam2.avi,25,DETECTED,logs/snapshots\fall_cam_20260622_114700_id25.jpg
2026-06-22 11:47:01,D:/Workspace/Nam3_Ky2_Dot2/DigitalImageProcessing/SourceCode/cam2.avi,26,DETECTED,logs/snapshots\fall_cam_20260622_114701_id26.jpg
